mutations,average_distance,sum_single_predictions,dynamut2_prediction
A A67V;A T95I,10.77,-2.56,-0.1
A A67V;A G142D,14.13,-2.78,-1.5
A A67V;A N211I,18.57,-0.83,-2.06
A A67V;A G339D,73.47,-1.39,-2.35
A A67V;A S371L,62.37,-1.69,-2.79
A A67V;A S373P,65.72,-1.36,-0.87
A A67V;A S375F,66.16,-1.86,-0.58
A A67V;A K417N,82.34,-1.96,-1.12
A A67V;A N440K,78.15,-1.09,-2.0
A A67V;A G446S,89.57,-1.48,-1.02
A A67V;A S477N,103.83,-1.13,-2.04
A A67V;A T478K,106.19,-1.21,-1.09
A A67V;A E484A,103.14,-1.49,-0.64
A A67V;A Q493R,90.87,-1.35,-0.42
A A67V;A G496S,86.97,-1.37,-1.39
A A67V;A Q498R,83.13,-1.0,0.17
A A67V;A N501Y,79.34,-1.64,-0.74
A A67V;A Y505H,79.25,-1.83,-1.46
A A67V;A T547K,58.26,-1.62,-1.11
A A67V;A D614G,55.08,-0.82,-2.19
A A67V;A H655Y,52.85,0.33,-0.48
A A67V;A N679K,53.06,-1.57,-2.09
A A67V;A P681H,47.96,-1.15,-1.01
A A67V;A N764K,71.5,-1.32,-2.1
A A67V;A D796Y,87.86,-0.89,-2.66
A A67V;A N856K,58.15,-1.13,-2.0
A A67V;A Q954H,58.36,-1.42,-2.1
A A67V;A N969K,51.33,-1.3,-2.09
A A67V;A L981F,58.31,-2.01,0.18
A T95I;A G142D,19.9,-2.84,-0.31
A T95I;A N211I,10.02,-0.9,-1.54
A T95I;A G339D,76.15,-1.45,0.48
A T95I;A S371L,65.89,-1.75,-0.85
A T95I;A S373P,69.64,-1.42,0.19
A T95I;A S375F,69.85,-1.92,-0.31
A T95I;A K417N,84.58,-2.02,1.06
A T95I;A N440K,82.67,-1.15,0.76
A T95I;A G446S,94.32,-1.55,0.58
A T95I;A S477N,105.48,-1.19,0.16
A T95I;A T478K,108.07,-1.28,-0.34
A T95I;A E484A,105.85,-1.55,-0.69
A T95I;A Q493R,93.96,-1.41,0.18
A T95I;A G496S,90.98,-1.43,-0.17
A T95I;A Q498R,87.72,-1.07,0.14
A T95I;A N501Y,84.11,-1.71,-0.58
A T95I;A Y505H,83.3,-1.9,-0.22
A T95I;A T547K,56.53,-1.69,-0.34
A T95I;A D614G,50.86,-0.89,0.05
A T95I;A H655Y,48.52,0.27,0.27
A T95I;A N679K,48.56,-1.63,0.1
A T95I;A P681H,43.1,-1.21,-0.7
A T95I;A N764K,62.82,-1.39,0.85
A T95I;A D796Y,78.07,-0.96,-0.64
A T95I;A N856K,49.16,-1.19,0.83
A T95I;A Q954H,49.61,-1.49,0.35
A T95I;A N969K,44.54,-1.36,0.12
A T95I;A L981F,51.49,-2.08,1.22
A G142D;A N211I,27.18,-1.12,-2.61
A G142D;A G339D,76.93,-1.68,-2.21
A G142D;A S371L,65.15,-1.98,-1.68
A G142D;A S373P,67.57,-1.65,-1.07
A G142D;A S375F,66.81,-2.14,-1.71
A G142D;A K417N,80.83,-2.25,-1.41
A G142D;A N440K,79.11,-1.37,-1.88
A G142D;A G446S,89.03,-1.77,-0.87
A G142D;A S477N,101.26,-1.42,-2.02
A G142D;A T478K,103.74,-1.5,-1.18
A G142D;A E484A,101.46,-1.77,-1.5
A G142D;A Q493R,89.87,-1.63,-0.42
A G142D;A G496S,86.25,-1.65,-1.03
A G142D;A Q498R,82.52,-1.29,-0.44
A G142D;A N501Y,78.03,-1.93,-1.47
A G142D;A Y505H,78.04,-2.12,-1.58
A G142D;A T547K,65.83,-1.91,-1.01
A G142D;A D614G,66.42,-1.11,-2.21
A G142D;A H655Y,66.12,0.05,-0.78
A G142D;A N679K,66.82,-1.86,-1.72
A G142D;A P681H,61.57,-1.44,-1.44
A G142D;A N764K,77.21,-1.61,-1.74
A G142D;A D796Y,97.27,-1.18,-1.59
A G142D;A N856K,62.87,-1.42,-1.87
A G142D;A Q954H,67.0,-1.71,-1.83
A G142D;A N969K,56.21,-1.59,-1.9
A G142D;A L981F,59.8,-2.3,0.17
A N211I;A G339D,84.77,0.27,0.62
A N211I;A S371L,74.94,-0.03,-0.25
A N211I;A S373P,78.91,0.3,-0.62
A N211I;A S375F,79.32,-0.2,-0.31
A N211I;A K417N,93.92,-0.3,-1.0
A N211I;A N440K,92.09,0.57,-0.06
A N211I;A G446S,103.97,0.18,0.46
A N211I;A S477N,114.62,0.53,-0.37
A N211I;A T478K,117.29,0.45,-0.96
A N211I;A E484A,115.25,0.18,-1.65
A N211I;A Q493R,103.42,0.31,0.45
A N211I;A G496S,100.59,0.29,0.05
A N211I;A Q498R,97.39,0.66,0.7
A N211I;A N501Y,93.9,0.02,-1.06
A N211I;A Y505H,93.0,-0.17,-0.08
A N211I;A T547K,62.6,0.04,-1.08
A N211I;A D614G,53.06,0.84,0.11
A N211I;A H655Y,47.82,2.0,1.42
A N211I;A N679K,45.27,0.09,-0.44
A N211I;A P681H,39.03,0.51,-0.89
A N211I;A N764K,63.42,0.34,-0.23
A N211I;A D796Y,71.73,0.77,-0.5
A N211I;A N856K,49.97,0.53,-0.17
A N211I;A Q954H,48.87,0.24,0.06
A N211I;A N969K,48.39,0.36,-0.1
A N211I;A L981F,55.52,-0.35,-0.84
A G339D;A S371L,12.52,-0.58,-1.55
A G339D;A S373P,13.17,-0.26,-0.99
A G339D;A S375F,16.86,-0.75,-1.68
A G339D;A K417N,30.13,-0.85,-1.84
A G339D;A N440K,17.94,0.02,-0.98
A G339D;A G446S,29.93,-0.38,-0.54
A G339D;A S477N,49.32,-0.02,-1.57
A G339D;A T478K,49.84,-0.11,-0.67
A G339D;A E484A,42.48,-0.38,-0.92
A G339D;A Q493R,30.37,-0.24,-0.32
A G339D;A G496S,27.15,-0.26,-0.09
A G339D;A Q498R,26.07,0.1,0.14
A G339D;A N501Y,28.16,-0.54,-0.9
A G339D;A Y505H,26.08,-0.73,-1.74
A G339D;A T547K,34.68,-0.52,-0.37
A G339D;A D614G,58.64,0.28,-0.8
A G339D;A H655Y,73.3,1.44,1.14
A G339D;A N679K,85.83,-0.47,-1.65
A G339D;A P681H,87.14,-0.04,-0.81
A G339D;A N764K,79.76,-0.22,-0.98
A G339D;A D796Y,120.7,0.21,-0.59
A G339D;A N856K,77.19,-0.02,-1.04
A G339D;A Q954H,77.45,-0.32,-1.11
A G339D;A N969K,60.81,-0.19,-0.81
A G339D;A L981F,67.06,-0.91,-0.17
A S371L;A S373P,5.52,-0.56,-1.53
A S371L;A S375F,10.32,-1.05,-2.9
A S371L;A K417N,31.2,-1.15,-2.18
A S371L;A N440K,18.68,-0.28,-1.09
A S371L;A G446S,32.07,-0.68,-1.16
A S371L;A S477N,53.21,-0.32,-1.3
A S371L;A T478K,54.18,-0.41,-1.26
A S371L;A E484A,47.41,-0.68,-1.8
A S371L;A Q493R,34.17,-0.54,-0.99
A S371L;A G496S,29.47,-0.56,-1.27
A S371L;A Q498R,26.47,-0.2,-0.8
A S371L;A N501Y,26.03,-0.84,-1.54
A S371L;A Y505H,24.97,-1.03,-1.7
A S371L;A T547K,33.9,-0.82,-1.63
A S371L;A D614G,56.22,-0.02,0.39
A S371L;A H655Y,69.27,1.14,1.31
A S371L;A N679K,80.67,-0.77,-2.22
A S371L;A P681H,81.1,-0.34,-1.02
A S371L;A N764K,77.9,-0.52,-2.14
A S371L;A D796Y,117.27,-0.09,-0.58
A S371L;A N856K,73.0,-0.32,-1.1
A S371L;A Q954H,74.0,-0.62,-2.43
A S371L;A N969K,56.49,-0.49,-2.31
A S371L;A L981F,62.76,-1.21,-0.3
A S373P;A S375F,6.54,-0.72,-1.75
A S373P;A K417N,27.9,-0.83,-1.78
A S373P;A N440K,13.66,0.05,-0.7
A S373P;A G446S,26.79,-0.35,-0.94
A S373P;A S477N,49.69,0.0,-1.09
A S373P;A T478K,50.46,-0.08,-0.31
A S373P;A E484A,43.21,-0.35,-0.78
A S373P;A Q493R,29.82,-0.21,-0.72
A S373P;A G496S,24.41,-0.23,-0.85
A S373P;A Q498R,21.06,0.13,-0.01
A S373P;A N501Y,20.57,-0.51,-1.39
A S373P;A Y505H,19.87,-0.7,-2.44
A S373P;A T547K,39.09,-0.49,-0.85
A S373P;A D614G,61.72,0.31,-0.75
A S373P;A H655Y,74.74,1.47,1.23
A S373P;A N679K,86.0,-0.44,-1.31
A S373P;A P681H,86.32,-0.02,-0.83
A S373P;A N764K,82.23,-0.19,-0.79
A S373P;A D796Y,122.47,0.24,-0.15
A S373P;A N856K,77.22,0.0,-0.7
A S373P;A Q954H,78.99,-0.29,-1.1
A S373P;A N969K,60.73,-0.17,-0.5
A S373P;A L981F,66.08,-0.88,-0.44
A S375F;A K417N,22.46,-1.32,-2.03
A S375F;A N440K,14.71,-0.45,-1.87
A S375F;A G446S,25.52,-0.85,-2.06
A S375F;A S477N,44.81,-0.49,-2.07
A S375F;A T478K,45.83,-0.58,-1.27
A S375F;A E484A,39.41,-0.85,-1.76
A S375F;A Q493R,26.12,-0.71,-0.92
A S375F;A G496S,21.67,-0.73,-2.21
A S375F;A Q498R,19.04,-0.37,-0.8
A S375F;A N501Y,17.4,-1.01,-1.51
A S375F;A Y505H,15.57,-1.2,-1.93
A S375F;A T547K,41.32,-0.99,-1.52
A S375F;A D614G,64.55,-0.19,0.11
A S375F;A H655Y,77.97,0.97,1.21
A S375F;A N679K,89.18,-0.94,-1.76
A S375F;A P681H,89.16,-0.51,-1.55
A S375F;A N764K,81.57,-0.69,-1.96
A S375F;A D796Y,123.59,-0.26,-1.42
A S375F;A N856K,76.22,-0.49,-2.09
A S375F;A Q954H,79.6,-0.79,-2.14
A S375F;A N969K,59.86,-0.66,-1.71
A S375F;A L981F,63.75,-1.38,-0.49
A K417N;A N440K,26.32,-0.55,-1.79
A K417N;A G446S,26.1,-0.95,-1.9
A K417N;A S477N,22.81,-0.6,-1.87
A K417N;A T478K,24.46,-0.68,-0.63
A K417N;A E484A,21.53,-0.95,-1.92
A K417N;A Q493R,12.79,-0.81,-1.71
A K417N;A G496S,18.1,-0.83,-1.89
A K417N;A Q498R,22.04,-0.47,-1.53
A K417N;A N501Y,21.37,-1.11,-0.19
A K417N;A Y505H,15.43,-1.3,-1.77
A K417N;A T547K,53.43,-1.09,-0.47
A K417N;A D614G,78.56,-0.29,-1.66
A K417N;A H655Y,94.17,0.87,-0.34
A K417N;A N679K,106.18,-1.04,-1.77
A K417N;A P681H,106.12,-0.62,-1.77
A K417N;A N764K,85.21,-0.79,-2.02
A K417N;A D796Y,133.28,-0.36,-1.58
A K417N;A N856K,81.45,-0.6,-2.03
A K417N;A Q954H,88.57,-0.89,-2.01
A K417N;A N969K,66.26,-0.77,-1.7
A K417N;A L981F,65.64,-1.48,-1.97
A N440K;A G446S,13.94,-0.08,-1.12
A N440K;A S477N,44.49,0.28,-0.59
A N440K;A T478K,44.28,0.19,-0.13
A N440K;A E484A,34.94,-0.08,-0.73
A N440K;A Q493R,22.22,0.06,-0.21
A N440K;A G496S,14.22,0.04,-0.7
A N440K;A Q498R,9.97,0.4,0.12
A N440K;A N501Y,12.7,-0.24,-0.69
A N440K;A Y505H,13.94,-0.43,-1.56
A N440K;A T547K,50.87,-0.22,-0.47
A N440K;A D614G,74.11,0.58,-0.29
A N440K;A H655Y,87.31,1.74,1.15
A N440K;A N679K,98.71,-0.16,-0.89
A N440K;A P681H,99.29,0.26,-0.36
A N440K;A N764K,94.14,0.08,-0.7
A N440K;A D796Y,135.59,0.51,0.08
A N440K;A N856K,89.84,0.28,-0.58
A N440K;A Q954H,91.97,-0.02,-0.89
A N440K;A N969K,73.36,0.11,-0.38
A N440K;A L981F,77.72,-0.61,-1.88
A G446S;A S477N,37.93,-0.12,-1.39
A G446S;A T478K,36.78,-0.2,-0.41
A G446S;A E484A,26.22,-0.48,-1.13
A G446S;A Q493R,16.73,-0.34,-1.02
A G446S;A G496S,8.07,-0.36,-0.58
A G446S;A Q498R,6.83,0.01,-0.32
A G446S;A N501Y,11.73,-0.64,-1.02
A G446S;A Y505H,13.98,-0.83,-2.01
A G446S;A T547K,63.46,-0.61,-0.85
A G446S;A D614G,87.45,0.19,-0.03
A G446S;A H655Y,101.08,1.34,1.65
A G446S;A N679K,112.53,-0.56,-1.64
A G446S;A P681H,113.0,-0.14,-0.65
A G446S;A N764K,104.56,-0.32,-1.28
A G446S;A D796Y,148.14,0.12,-0.59
A G446S;A N856K,100.45,-0.12,-0.98
A G446S;A Q954H,104.05,-0.41,-0.97
A G446S;A N969K,84.2,-0.29,-0.97
A G446S;A L981F,86.81,-1.0,-0.44
A S477N;A T478K,3.8,0.15,-0.45
A S477N;A E484A,13.9,-0.12,-0.64
A S477N;A Q493R,22.49,0.02,-0.35
A S477N;A G496S,31.62,-0.0,-0.88
A S477N;A Q498R,37.65,0.36,0.18
A S477N;A N501Y,38.4,-0.28,-1.47
A S477N;A Y505H,33.79,-0.47,-1.89
A S477N;A T547K,72.38,-0.26,-0.88
A S477N;A D614G,97.8,0.54,-0.71
A S477N;A H655Y,114.5,1.7,1.07
A S477N;A N679K,127.05,-0.21,-0.86
A S477N;A P681H,127.18,0.21,-0.22
A S477N;A N764K,98.46,0.04,-0.99
A S477N;A D796Y,149.61,0.47,-0.13
A S477N;A N856K,96.51,0.23,-0.58
A S477N;A Q954H,105.4,-0.06,-1.01
A S477N;A N969K,82.8,0.06,-0.44
A S477N;A L981F,79.46,-0.65,-1.5
A T478K;A E484A,11.51,-0.21,-1.07
A T478K;A Q493R,22.06,-0.07,-1.12
A T478K;A G496S,31.02,-0.09,-0.4
A T478K;A Q498R,37.18,0.28,-0.44
A T478K;A N501Y,38.35,-0.37,-0.92
A T478K;A Y505H,34.07,-0.56,-0.33
A T478K;A T547K,74.27,-0.34,-0.57
A T478K;A D614G,99.83,0.46,-0.29
A T478K;A H655Y,116.5,1.61,1.06
A T478K;A N679K,129.12,-0.29,-0.96
A T478K;A P681H,129.36,0.13,-0.81
A T478K;A N764K,101.55,-0.05,-0.71
A T478K;A D796Y,152.49,0.39,-0.77
A T478K;A N856K,99.72,0.15,-0.14
A T478K;A Q954H,108.21,-0.14,-0.65
A T478K;A N969K,85.82,-0.02,-0.92
A T478K;A L981F,82.84,-0.73,-0.27
A E484A;A Q493R,13.44,-0.34,-0.94
A E484A;A G496S,21.44,-0.36,-1.37
A E484A;A Q498R,27.74,0.01,-0.99
A E484A;A N501Y,30.02,-0.64,-1.82
A E484A;A Y505H,26.52,-0.83,-1.6
A E484A;A T547K,70.81,-0.62,-1.2
A E484A;A D614G,96.5,0.18,-0.98
A E484A;A H655Y,112.66,1.34,0.51
A E484A;A N679K,125.22,-0.56,-1.87
A E484A;A P681H,125.71,-0.14,-0.97
A E484A;A N764K,103.28,-0.32,-1.0
A E484A;A D796Y,152.45,0.11,-2.32
A E484A;A N856K,101.14,-0.12,-0.58
A E484A;A Q954H,107.9,-0.42,-0.83
A E484A;A N969K,86.25,-0.29,-1.67
A E484A;A L981F,85.2,-1.01,-0.52
A Q493R;A G496S,9.6,-0.22,-0.75
A Q493R;A Q498R,15.88,0.14,-0.5
A Q493R;A N501Y,18.17,-0.5,-1.0
A Q493R;A Y505H,13.9,-0.69,-1.69
A Q493R;A T547K,59.93,-0.48,-1.05
A Q493R;A D614G,85.34,0.32,0.11
A Q493R;A H655Y,100.79,1.48,0.77
A Q493R;A N679K,113.04,-0.42,-1.58
A Q493R;A P681H,113.44,-0.0,-1.13
A Q493R;A N764K,95.68,-0.18,-0.44
A Q493R;A D796Y,142.87,0.25,-0.62
A Q493R;A N856K,92.61,0.02,-0.5
A Q493R;A Q954H,98.25,-0.28,-0.81
A Q493R;A N969K,77.02,-0.15,-1.07
A Q493R;A L981F,77.54,-0.87,-0.61
A G496S;A Q498R,6.47,0.12,-0.18
A G496S;A N501Y,10.23,-0.52,-1.1
A G496S;A Y505H,8.53,-0.71,-1.71
A G496S;A T547K,59.16,-0.5,-0.94
A G496S;A D614G,83.83,0.3,-0.07
A G496S;A H655Y,98.22,1.46,1.55
A G496S;A N679K,109.98,-0.44,-1.48
A G496S;A P681H,110.34,-0.02,-0.63
A G496S;A N764K,98.18,-0.2,-0.85
A G496S;A D796Y,143.18,0.23,-0.76
A G496S;A N856K,94.28,-0.0,-0.68
A G496S;A Q954H,98.77,-0.3,-0.89
A G496S;A N969K,78.22,-0.17,-0.91
A G496S;A L981F,80.06,-0.89,-0.47
A Q498R;A N501Y,5.82,-0.15,-1.11
A Q498R;A Y505H,7.97,-0.34,-0.97
A Q498R;A T547K,58.29,-0.13,-1.09
A Q498R;A D614G,82.19,0.67,0.34
A Q498R;A H655Y,95.73,1.83,0.97
A Q498R;A N679K,107.04,-0.08,-0.65
A Q498R;A P681H,107.29,0.34,-0.28
A Q498R;A N764K,98.8,0.17,0.05
A Q498R;A D796Y,142.22,0.6,-0.35
A Q498R;A N856K,94.21,0.36,0.1
A Q498R;A Q954H,98.08,0.07,-0.25
A Q498R;A N969K,77.97,0.19,-0.56
A Q498R;A L981F,80.57,-0.52,-0.94
A N501Y;A Y505H,6.06,-0.99,-0.3
A N501Y;A T547K,58.29,-0.78,-1.27
A N501Y;A D614G,81.8,0.02,-0.6
A N501Y;A H655Y,94.94,1.18,0.4
A N501Y;A N679K,105.85,-0.72,-0.67
A N501Y;A P681H,105.72,-0.3,-1.59
A N501Y;A N764K,97.53,-0.48,-0.53
A N501Y;A D796Y,140.82,-0.05,-1.73
A N501Y;A N856K,92.14,-0.28,-0.99
A N501Y;A Q954H,96.68,-0.58,-0.47
A N501Y;A N969K,76.04,-0.45,-1.26
A N501Y;A L981F,78.17,-1.17,-0.54
A Y505H;A T547K,55.32,-0.97,-0.34
A Y505H;A D614G,79.5,-0.17,-0.66
A Y505H;A H655Y,93.43,0.99,0.86
A Y505H;A N679K,104.74,-0.91,-1.65
A Y505H;A P681H,104.67,-0.49,-1.71
A Y505H;A N764K,93.2,-0.67,-1.55
A Y505H;A D796Y,137.76,-0.24,-1.44
A Y505H;A N856K,88.27,-0.47,-1.55
A Y505H;A Q954H,93.35,-0.77,-1.9
A Y505H;A N969K,72.27,-0.64,-1.56
A Y505H;A L981F,73.9,-1.36,-1.71
A T547K;A D614G,25.75,0.05,-0.42
A T547K;A H655Y,42.98,1.2,0.3
A T547K;A N679K,56.66,-0.7,-0.89
A T547K;A P681H,58.33,-0.28,-1.56
A T547K;A N764K,49.17,-0.46,-0.75
A T547K;A D796Y,86.21,-0.02,-1.6
A T547K;A N856K,47.83,-0.26,-0.64
A T547K;A Q954H,43.79,-0.55,-0.34
A T547K;A N969K,33.04,-0.43,-1.18
A T547K;A L981F,44.66,-1.14,-0.35
A D614G;A H655Y,18.67,2.0,1.09
A D614G;A N679K,32.94,0.1,-0.57
A D614G;A P681H,35.81,0.52,-0.09
A D614G;A N764K,44.36,0.34,-0.66
A D614G;A D796Y,64.91,0.77,-0.47
A D614G;A N856K,43.47,0.54,-0.42
A D614G;A Q954H,29.69,0.24,-0.66
A D614G;A N969K,35.46,0.37,-0.53
A D614G;A L981F,50.57,-0.35,-1.31
A H655Y;A N679K,14.54,1.26,0.39
A H655Y;A P681H,18.76,1.68,1.13
A H655Y;A N764K,54.69,1.5,0.59
A H655Y;A D796Y,58.55,1.93,0.97
A H655Y;A N856K,51.9,1.7,1.13
A H655Y;A Q954H,35.35,1.4,1.02
A H655Y;A N969K,47.68,1.53,0.6
A H655Y;A L981F,62.55,0.81,-0.45
A N679K;A P681H,7.05,-0.23,-0.73
A N679K;A N764K,63.18,-0.4,-1.34
A N679K;A D796Y,55.46,0.03,-0.73
A N679K;A N856K,58.94,-0.21,-0.89
A N679K;A Q954H,42.61,-0.5,-1.77
A N679K;A N969K,57.3,-0.38,-1.32
A N679K;A L981F,71.32,-1.09,-2.03
A P681H;A N764K,62.97,0.02,-0.75
A P681H;A D796Y,55.13,0.45,-0.95
A P681H;A N856K,57.19,0.21,-0.46
A P681H;A Q954H,42.29,-0.08,-0.79
A P681H;A N969K,56.1,0.04,-0.94
A P681H;A L981F,69.48,-0.67,-0.44
A N764K;A D796Y,53.89,0.27,-0.18
A N764K;A N856K,15.34,0.04,-0.98
A N764K;A Q954H,20.71,-0.26,-1.04
A N764K;A N969K,24.58,-0.13,-0.86
A N764K;A L981F,27.44,-0.85,-1.88
A D796Y;A N856K,56.19,0.47,0.0
A D796Y;A Q954H,44.71,0.17,-0.21
A D796Y;A N969K,68.17,0.3,-0.6
A D796Y;A L981F,75.26,-0.42,-1.7
A N856K;A Q954H,19.51,-0.06,-0.97
A N856K;A N969K,16.53,0.06,-0.49
A N856K;A L981F,19.08,-0.65,-1.97
A Q954H;A N969K,24.66,-0.23,-0.83
A Q954H;A L981F,35.67,-0.95,-1.64
A N969K;A L981F,15.2,-0.82,-1.77
