,name,score,idx
88,T19R,4.05595864158,19
10,T19I,4.60312053444,19
59,S13I,4.60747904379,13
39,L981F,4.69932906667,981
43,Q1071H,4.98183226995,1071
89,L18F,5.01838865212,18
35,T20N,5.07842465288,20
50,L5F,5.18366596598,5
15,L24S,5.18366596598,24
44,P26S,5.18366596598,26
22,Q52R,5.18366596598,52
52,A67V,5.18366596598,67
96,T1027I,5.18366596598,1027
49,N969K,5.48945585396,969
23,H1101Y,5.5314310781,1101
48,P9L,5.55776123009,9
77,T859N,5.81852022365,859
24,D796Y,5.82741714637,796
31,D950N,5.9128650751,950
20,E1092K,5.92364489329,1092
67,L452R,6.04603460248,452
75,Q677H,6.12222949675,677
16,N501Y,6.12764228525,501
4,R246N,6.13091256595,246
18,S373P,6.14436645649,373
13,G339D,6.15602892929,339
21,P681H,6.17464176537,681
0,F486V,6.18452718871,486
54,L452Q,6.18880948734,452
78,Y145N,6.20406201101,145
70,P384L,6.25747585841,384
32,G142D,6.25878170326,142
6,E484Q,6.2596070198,484
87,E516Q,6.33349373816,516
37,A570D,6.36072116839,570
81,S494P,6.45926393955,494
28,P681R,6.47130272669,681
92,Y145H,6.51731427212,145
57,T716I,6.5368783287,716
9,T95I,6.60693162059,95
79,Q498R,6.64926578847,498
55,N501T,6.65944304375,501
7,N764K,6.70597805591,764
36,H245Y,6.863004496,245
93,E484K,6.89921397308,484
5,F490S,6.90556968045,490
14,R190S,6.91693008656,190
12,D796H,6.9788411092,796
29,N439K,7.00435374504,439
94,T76I,7.00499967705,76
69,Y505H,7.07591450034,505
84,G496S,7.08117292821,496
27,Q613H,7.08722482465,613
53,E780K,7.09244766211,780
1,A222V,7.09344754446,222
40,R346K,7.12036632862,346
3,Q954H,7.14700104671,954
98,D138Y,7.24489300763,138
17,D405N,7.29078075316,405
66,N440K,7.30962544185,440
62,K417N,7.3492027058,417
42,N211I,7.40231658471,211
19,E156G,7.40387800593,156
56,N679K,7.41450497346,679
74,H245P,7.44459139519,245
58,T376A,7.5192909166,376
11,S982A,7.52239865081,982
71,S371L,7.595831093,371
46,Y449H,7.68207783961,449
99,E484A,7.70565610506,484
60,D253G,7.71321192424,253
33,A701V,7.72804612009,701
64,D80G,7.73069665516,80
83,D80A,7.73675998866,80
95,V126A,7.74812825677,126
68,F157L,7.76145000282,157
2,F888L,7.76778632208,888
38,G75V,7.81996158734,75
45,K417T,7.82045464604,417
80,R408S,7.83676808485,408
73,C136F,7.85321734411,136
30,S477N,7.89794235615,477
65,W152C,7.92422089277,152
85,S375F,7.93490086226,375
34,T732A,7.94457207369,732
90,N856K,7.96786449452,856
51,S371F,7.97530168465,371
72,D614G,8.00216552661,614
86,V213G,8.00617022103,213
8,V367F,8.01646892851,367
26,T478K,8.03663908854,478
97,T547K,8.07447503305,547
25,D215G,8.10230762328,215
100,Q493R,8.22784415192,493
